AminoAcids,f1,f2,f3,f4,f5,f6,f7,f8,f9,f10,f11,f12,f13,f14,f15,f16,f17,f18,f19
A,-1,1,0.58065,1,-1,-1,-1,-1,-1,0.4,-0.7828,-0.77778,-0.55556,-1,-1,0.85714,-0.011111,-0.19149,-0.83391
R,-0.89474,-0.42636,0.77419,-1,-1,-1,-1,1,-1,-1,0.53508,-0.11111,1,1,-1,0.25,-0.73333,1,-0.85042
N,-0.78947,-0.22481,0.67742,-1,-1,1,-1,-1,-1,-0.77778,-0.11658,-0.55556,-0.33333,-0.33333,0,-0.28571,-1,-0.33917,-0.96514
D,-0.68421,0.78295,0.75806,-1,-1,-1,1,-1,-1,-0.77778,-0.10132,-0.55556,-0.55556,-1,1,-0.78571,-0.11111,-1,-0.99267
C,-0.57895,-0.45736,0.48226,-1,-1,1,-1,-1,-1,0.55556,-0.28636,-0.77778,-0.55556,-1,-1,-0.5,0.64444,-0.42428,1
Q,-0.47368,-0.68992,0.85484,-1,-1,-1,1,-1,-1,-0.77778,0.11588,-0.33333,-0.11111,-1,1,0.32143,-0.033333,-0.88736,-0.99181
E,-0.36842,-1,0.8871,-1,-1,1,-1,-1,-1,-0.77778,0.10063,-0.33333,0.11111,-0.33333,0,0.25,-0.63333,-0.2791,-0.97544
G,-0.26316,-0.14729,0.35484,-1,-1,-1,-1,-1,1,-0.088889,-1,-1,-1,-1,-1,0.85714,-0.11111,-0.199,-0.75049
H,-0.15789,0.55039,0.98387,-1,-1,-1,-1,1,-1,-0.71111,0.24014,-0.11111,-0.11111,0.33333,-1,-1,-0.58889,0.20651,-0.95854
I,-0.052632,0.5969,1,1,-1,-1,-1,-1,-1,1,-0.13119,-0.11111,0.77778,-1,-1,0.92857,-0.11111,-0.18648,-0.95927
L,0.052632,0.78295,0.59677,1,-1,-1,-1,-1,-1,0.84444,-0.13119,-0.11111,0.77778,-1,-1,0.92857,-0.11111,-0.1965,-0.97618
K,0.15789,-0.53488,0.77258,-1,-1,-1,-1,1,-1,-0.86667,0.10129,-0.11111,1,-0.33333,-1,0.28571,-0.83333,0.74468,1
M,0.26316,0.53488,0.72581,-1,-1,1,-1,-1,-1,0.42222,0.14804,-0.33333,0.33333,-1,-1,0.64286,-0.54444,-0.25657,-0.96663
F,0.36842,-0.34884,-0.19355,-1,1,-1,-1,-1,-1,0.62222,0.39555,0.55556,0.33333,-1,-1,-0.96429,-0.63333,-0.32165,-0.97079
P,0.47368,-0.33333,-1,-1,-1,-1,-1,-1,1,-0.35556,-0.37961,-0.33333,-0.11111,-1,-1,-0.39286,1,-0.1164,0.62292
S,0.57895,0.085271,-0.096774,-1,-1,1,-1,-1,-1,-0.17778,-0.53506,-0.77778,-0.55556,-1,0,0.39286,-0.61111,-0.27159,-0.95021
T,0.68421,-0.45736,0.14516,-1,-1,1,-1,-1,-1,-0.15556,-0.31786,-0.55556,-0.11111,-1,0,-0.035714,-0.66667,-0.29161,1
W,0.78947,0.6124,-0.15323,-1,1,-1,-1,-1,-1,-0.2,1,1,0.55556,-0.33333,-1,1,-0.34444,-0.21902,-0.98909
Y,0.89474,0.78295,0.17742,-1,1,-1,-1,-1,-1,-0.28889,0.64328,0.55556,0.33333,-1,0,0.35714,-0.65556,-0.2766,-1
V,1,0.70543,0.79032,1,-1,-1,-1,-1,-1,0.93333,-0.34839,-0.33333,0.33333,-1,-1,0.78571,-0.088889,-0.2015,-0.91193
